"Name";"OS";"CreationDate"
"MVO-TNR2-TRS-03";"Ubuntu Linux (64-bit)";"15/05/2026 12:30:37"
"STX-TNR2-NKV-TRS-01";"Ubuntu Linux (64-bit)";"27/09/2025 16:29:04"
"MUT-TNR2-NKV-TRS-03";"Ubuntu Linux (64-bit)";"27/09/2025 16:32:46"
"CUST-VM-TEST-SALTEC";"Ubuntu Linux (64-bit)";"25/10/2023 12:08:47"
"PUL-TNR2-NKV-04";"Ubuntu Linux (64-bit)";"27/11/2025 17:50:15"
"MVO-TNR2-TRS-02";"Ubuntu Linux (64-bit)";"20/04/2026 10:45:33"
"MVO-TNR2-NKV-TRS-02";"Ubuntu Linux (64-bit)";"27/09/2025 14:26:53"
"STX-WSO2-TRSPROXY-TNR2";"Ubuntu Linux (64-bit)";"18/12/2025 07:55:24"
"STX-TRS-MVOLA-TNR2";"Ubuntu Linux (64-bit)";"09/02/2026 06:56:46"
"TEMPLATE-PFSENSE-25";"Other (64-bit)";"18/09/2025 12:31:15"
"PUL-TNR2-NKV-TRS-02";"Ubuntu Linux (64-bit)";"30/09/2025 14:46:20"
"STX-NKV-MUL-STELLARIX";"Ubuntu Linux (64-bit)";"25/09/2025 16:45:30"
"PUL-TNR2-NKV-03";"Ubuntu Linux (64-bit)";"27/11/2025 17:03:02"
"MVO-TNR2-NKV-TRS-03";"Ubuntu Linux (64-bit)";"27/09/2025 15:49:45"
"STX-TNR2-NKV-TRS-03";"Ubuntu Linux (64-bit)";"27/09/2025 16:31:35"
"PEL-TNR2-NKV-TRS-02";"Ubuntu Linux (64-bit)";"27/09/2025 16:21:32"
"STX-FTG-DR-01-old";"Other 4.x Linux (64-bit)";"08/05/2025 06:00:12"
"STX-TRS-DTG-TNR02-01";"Ubuntu Linux (64-bit)";"10/02/2025 10:24:55"
"PEL-TNR2-NKV-TRS-01";"Ubuntu Linux (64-bit)";"27/09/2025 16:14:06"
"TGN-TMP-TLM";"Other Linux (64-bit)";"30/01/2025 11:00:19"
"STX-TRS-PROXYDTG-TNR2";"Ubuntu Linux (64-bit)";"04/12/2025 12:57:31"
"NKV-TRS-PIC";"Ubuntu Linux (64-bit)";"15/04/2025 19:29:37"
"ALFRED-PFSENSE-25";"Other (64-bit)";"12/10/2022 17:05:56"
"MVO-TNR2-TRS-01";"Ubuntu Linux (64-bit)";"20/04/2026 10:44:35"
"PEL-TNR2-NKV-TRS-03";"Ubuntu Linux (64-bit)";"27/09/2025 16:24:43"
"STX-AMDOCSPROXY-TRS-TNR2";"Ubuntu Linux (64-bit)";"22/12/2025 11:17:59"
"STX-MUL-MVOLA";"Ubuntu Linux (64-bit)";"25/09/2025 13:02:44"
"MVO-TNR2-NKV-TRS-01";"Ubuntu Linux (64-bit)";"27/09/2025 13:30:37"
"MVO-TNR2-NKV-TRS-04";"Ubuntu Linux (64-bit)";"27/09/2025 15:51:03"
"CUST-VM-AQUARELLE-WINDOWS-CHG0009847";"Microsoft Windows Server 2022 (64-bit)";"03/11/2025 13:00:06"
"STX-TNR2-NKV-TRS-02";"Ubuntu Linux (64-bit)";"29/09/2025 12:24:56"
"DNF-SRV-KAPPTIBUILDER-03";"Red Hat Enterprise Linux 9 (64-bit)";"05/06/2026 11:32:18"
"TEMPLATE_FORTIGATE";"Other 4.x Linux (64-bit)";"05/06/2026 10:40:35"
"DNF-SRV-KAPPTIBUILDER-02";"Red Hat Enterprise Linux 9 (64-bit)";"02/06/2026 08:48:42"
"DNF-SRV-KAPPTIBUILDER-01";"Red Hat Enterprise Linux 9 (64-bit)";"02/06/2026 08:48:33"
"FW-FGT-DIGIBANK";"Other 4.x Linux (64-bit)";"01/06/2026 08:30:15"
"YAS-MG-Preprod-vpi-App";"Ubuntu Linux (64-bit)";"17/12/2025 06:05:42"
"YAS-MG-Firewall-pfsense";"Other (64-bit)";"17/12/2025 08:08:48"
"YAS-MG-Firewall-pfsense-new";"FreeBSD 15 or later versions (64-bit)";"19/12/2025 12:53:15"
"YAS-MG-Prod-vpi-DB";"Ubuntu Linux (64-bit)";"17/12/2025 08:29:16"
"YAS-MG-Prod-vpi-App-VM1";"Ubuntu Linux (64-bit)";"17/12/2025 06:09:57"
"YAS-MG-Prod-vpi-App-VM2";"Ubuntu Linux (64-bit)";"17/12/2025 06:11:41"
"WALLIX LAB";"Microsoft Windows Server 2022 (64-bit)";"17/10/2025 11:57:39"
"STX-WALLIX-MSP-NOC-BASTION-DR-01";"Debian GNU/Linux 12 (64-bit)";"20/01/2026 03:12:48"
"FMGR-VIA-ASSURANCE-R+3";"FortiManager-VM64 v7.6.6-build3654 260127 (GA.M)";"07/11/2025 12:32:05"
"FW-FGT-VIA-ASSURANCE-R+3";"Other 4.x Linux (64-bit)";"07/11/2025 12:34:51"
"FAZ-VIA-ASSURANCE-R+3";"FortiAnalyzer-VM64 v7.6.4-build3579 250825 (GA.F)";"07/11/2025 12:56:24"
"TGN-INFRA-NETCONNECTOR-02";"Red Hat Enterprise Linux 9 (64-bit)";"02/02/2026 17:18:45"
"DNS-SECURE64-CACHE-03";"Red Hat Enterprise Linux 9 (64-bit)";"08/12/2025 17:59:46"
"DNS-SECURE64-CACHE-04";"Red Hat Enterprise Linux 9 (64-bit)";"09/12/2025 12:05:27"
"TGN-INFRA-BASTION";"Debian GNU/Linux 12 (64-bit)";"17/12/2025 12:29:17"
"DTG-DNS-SECURE64";"Red Hat Enterprise Linux 9 (64-bit)";"04/12/2025 07:30:16"
"DTG-SECURE64-TUNNEL-GUARD";"Ubuntu Linux (64-bit)";"15/12/2025 12:06:46"
"DTG-MAXIMUM-QPS";"Ubuntu Linux (64-bit)";"15/12/2025 12:18:29"
"DNS-SECURE64-BACKUP-MANAGER-DR";"Red Hat Enterprise Linux 9 (64-bit)";"08/12/2025 18:30:00"
"DIS-RECOV-WSO2-APIW-GRP-01";"Red Hat Enterprise Linux 9 (64-bit)";"16/08/2024 11:39:40"
"DIS-RECOV-WSO2-CICD";"Red Hat Enterprise Linux 9 (64-bit)";"16/08/2024 15:36:22"
"DIS-RECOV-WSO2-APIW-KM-02";"Red Hat Enterprise Linux 9 (64-bit)";"16/08/2024 15:23:28"
"DIS-RECOV-WSO2-API-MANAGER-01";"Red Hat Enterprise Linux 9 (64-bit)";"16/08/2024 08:49:15"
"DIS-RECOV-WSO2-ELK-OPAB";"Red Hat Enterprise Linux 9 (64-bit)";"16/08/2024 15:51:21"
"DIS-RECOV-WSO2-APIW-ENT-01";"Red Hat Enterprise Linux 9 (64-bit)";"16/08/2024 11:05:07"
"DIS-RECOV-WSO2-APIW-ENT-02";"Red Hat Enterprise Linux 9 (64-bit)";"16/08/2024 11:27:55"
"DIS-RECOV-WSO2-APIW-GRP-02";"Red Hat Enterprise Linux 9 (64-bit)";"16/08/2024 11:54:59"
"DIS-RECOV-WSO2-FW";"FreeBSD 11 (64-bit)";"22/08/2024 10:29:37"
"DIS-RECOV-WSO2-DB-03";"Red Hat Enterprise Linux 9 (64-bit)";"26/09/2024 07:29:22"
"DIS-RECOV-WSO2-DB-01";"Red Hat Enterprise Linux 9 (64-bit)";"25/09/2024 04:48:27"
"DIS-RECOV-WSO2-APIW-KM-01";"Red Hat Enterprise Linux 9 (64-bit)";"16/08/2024 14:55:05"
"DIS-RECOV-WSO2-API-MANAGER-02";"Red Hat Enterprise Linux 9 (64-bit)";"16/08/2024 10:50:58"
"DIS-RECOV-WSO2-JUMPBOX";"Microsoft Windows Server 2022 (64-bit)";"16/08/2024 16:07:03"
"DIS-RECOV-WSO2-DB-02";"Red Hat Enterprise Linux 9 (64-bit)";"26/09/2024 07:27:51"
"SRV-BACKUP-POC-AQUARELLE-OFF";"Ubuntu Linux (64-bit)";"28/05/2024 07:59:40"
"STX-FW-POC-AQUARELLE";"FreeBSD 11 (64-bit)";"28/05/2024 07:27:17"
"SRV-MAIN-POC-AQUARELLE";"Ubuntu Linux (64-bit)";"28/05/2024 07:57:31"
"TGN-INFRA-ACCESS-TEST-BACKUP-EXTERNAL-UBUNTU";"Ubuntu Linux (64-bit)";"27/07/2022 08:45:31"
"TGN-ACCESS-MANAGEMENT-SRV";"Microsoft Windows Server 2008 R2 (64-bit)";"01/01/1970 00:00:00"
"TGN-INFRA-IMS-BACKUP-GAL";"Ubuntu Linux (64-bit)";"01/01/1970 00:00:00"
"TGN-ACCESS-INFRA-FRAUDBUSTER";"Ubuntu Linux (64-bit)";"05/02/2024 12:00:26"
"TGN-INFRA-DPQP-FTPSERVER";"Ubuntu Linux (64-bit)";"01/01/1970 00:00:00"
"VM-SRV-UNIF-UNIV";"Ubuntu Linux (64-bit)";"15/04/2026 12:49:33"
"TGN-INFRA-POC-PERFWAVE-04";"CentOS 7 (64-bit)";"27/12/2021 07:40:48"
"TGN-ACCESS-DC-03";"Microsoft Windows Server 2012 (64-bit)";"01/01/1970 00:00:00"
"TGN-ACCESS-SRV-TACACS";"CentOS 7 (64-bit)";"01/01/1970 00:00:00"
"TGN-INFRA-REPORTING-NEW-PROD-CLONE";"Ubuntu Linux (64-bit)";"31/10/2025 19:22:38"
"TGN-INFRA-POC-PERFWAVE-03";"CentOS 7 (64-bit)";"27/12/2021 07:40:09"
"TGN-INFRA-CA3LE";"CentOS 7 (64-bit)";"01/01/1970 00:00:00"
"TGN-INFRA-ACCESS-DSCI-SMOKEPING";"Ubuntu Linux (64-bit)";"09/03/2022 14:04:02"
"TGN-INFRA-TEST-HW";"Microsoft Windows Server 2016 or later (64-bit)";"04/02/2021 08:26:16"
"TGN-ACCESS-VM-WEB-INTERV-MGMT-BSS";"Ubuntu Linux (64-bit)";"01/01/1970 00:00:00"
"TGN-INFRA-POC-PERFWAVE-02";"CentOS 7 (64-bit)";"23/12/2021 12:30:35"
"TGN-INFRA-ACCESS-VSAPC-BACKUP";"Ubuntu Linux (64-bit)";"27/01/2021 13:57:38"
"TGN-ACCESS-BB-LICENSE";"Ubuntu Linux (64-bit)";"23/05/2023 07:07:30"
"TGN-INFRA-ACCESS- SingleStoreDB-2";"Red Hat Enterprise Linux 8 (64-bit)";"23/09/2022 05:48:54"
"TGN-ACCES-MGMT-CTRL-UBIQUITI-EOL";"Ubuntu Linux (64-bit)";"14/06/2021 07:32:04"
"TGN-INFRA-ACCESS- SingleStoreDB-3";"Red Hat Enterprise Linux 8 (64-bit)";"29/09/2022 14:19:14"
"TGN-INFRA-ACCESS- SingleStoreDB-1";"Red Hat Enterprise Linux 8 (64-bit)";"23/09/2022 05:24:07"
"TGN-INFRA-ACCESS-FTP-BSS-DTG-82171";"Red Hat Enterprise Linux 8 (64-bit)";"03/05/2021 13:19:51"
"TGN-INFRA-NR";"Ubuntu Linux (64-bit)";"08/03/2021 06:36:42"
"TGN-ACCESS-MGMT-COLBERT-EOL";"Ubuntu Linux (64-bit)";"11/07/2023 10:51:41"
"TGN-ACCES-MGMT-CTRL-UBIQUITI";"Ubuntu Linux (64-bit)";"01/01/1970 00:00:00"
"TGN-INFRA-UCEPROTECT";"FreeBSD 13 or later versions (64-bit)";"25/03/2022 11:37:57"
"TGN-ACCESS-DSCI-TERMINAL-SERVER";"Ubuntu Linux (64-bit)";"05/12/2025 07:52:21"
"TGN-INFRA-ACCESS-BACKUP-DPQP";"Microsoft Windows Server 2012 (64-bit)";"01/01/1970 00:00:00"
"STX-DTG-CERT-BOT";"Red Hat Enterprise Linux 8 (64-bit)";"03/07/2024 07:29:39"
"vCLS-c41276a4-d74f-11ed-8318-3a68dd993977";"VMware Photon CRX (64-bit)";"12/06/2026 00:14:14"
"vCLS-d0b3a0ee-d775-11ed-b4e2-3a68dd98faeb";"VMware Photon CRX (64-bit)";"28/05/2026 13:21:32"
"vCLS-0f18b05c-d61d-11ed-8d32-3a68dd993687";"VMware Photon CRX (64-bit)";"27/05/2026 16:15:04"
"vCLS-36d993d4-832f-11ed-ac99-3a68dd95fcbf";"VMware Photon CRX (64-bit)";"26/04/2026 11:47:45"
"TLM-ALFRED-APP-PROD-01";"Ubuntu Linux (64-bit)";"15/03/2024 19:06:54"
"TLM-ALFRED-APP-PROD-02";"Ubuntu Linux (64-bit)";"15/03/2024 19:05:58"
"TGN-VIRTUAL-ROUTER-1-OSCP-DHCP";"Other (32-bit)";"01/01/1970 00:00:00"
"centreon-central-21.04";"CentOS 4/5/6/7 (64-bit)";"30/08/2022 10:40:43"
"TGN-AXIAN-SERVICES-ESM-MIGRATION";"Microsoft Windows Server 2008 R2 (64-bit)";"18/03/2024 20:17:41"
"STX-WIN22-TEST-01";"Microsoft Windows Server 2022 (64-bit)";"20/03/2025 07:48:36"
"STX-UBU-TOOLS";"Ubuntu Linux (64-bit)";"06/03/2025 07:25:37"
"VIA-ASSURANCES-FTG-01";"Other 4.x Linux (64-bit)";"17/03/2025 14:05:29"
"VIA-ASSURANCES-API-SERVER-02";"Microsoft Windows Server 2022 (64-bit)";"17/03/2025 13:50:22"
"VIA-ASSURANCES-SQL-SERVER-01";"Microsoft Windows Server 2022 (64-bit)";"18/03/2025 06:33:47"
"VIA-ASSURANCES-SQL-MONGODB-SRV-01";"Microsoft Windows Server 2022 (64-bit)";"17/03/2025 13:51:44"
"VIA-ASSURANCES-APP-SERVER-01";"Microsoft Windows Server 2022 (64-bit)";"17/03/2025 08:28:25"
"VIA-ASSURANCES-APP-AGENT-SRV-01";"Microsoft Windows Server 2022 (64-bit)";"17/03/2025 13:52:48"
"VIA-ASSURANCES-AGENT-SERVER-01";"Microsoft Windows Server 2022 (64-bit)";"17/03/2025 13:33:46"
"VIA-ASSURANCES-API-SERVER-01";"Microsoft Windows Server 2022 (64-bit)";"17/03/2025 13:44:19"
"VIA-ASSURANCES-MONGODB-SRV-01";"Microsoft Windows Server 2022 (64-bit)";"17/03/2025 13:46:29"
"FW-FGT-DR-MVOLA";"Other 4.x Linux (64-bit)";"23/01/2025 12:30:47"
"MV-SICAP-GRAYLOG-DR-01";"Red Hat Enterprise Linux 9 (64-bit)";"23/10/2025 07:25:27"
"ST-SERVICES-BACKUP-NAKIVO-FULL";"Ubuntu Linux (64-bit)";"29/05/2022 10:23:51"
"TGN-INFRA-REDHAT-VIRTWHO";"Red Hat Enterprise Linux 8 (64-bit)";"10/03/2021 12:26:20"
"SRV-ALFRED-FREE-SN-TEST-SA-1";"Ubuntu Linux (64-bit)";"10/10/2024 07:32:55"
"SRV-ALFRED-FREE-SN-TEST-SA-3";"Ubuntu Linux (64-bit)";"10/10/2024 07:32:55"
"SRV-ALFRED-FREE-SN-TEST-W-1";"Ubuntu Linux (64-bit)";"10/10/2024 07:32:57"
"SRV-ALFRED-FREE-SN-TEST-W-3";"Ubuntu Linux (64-bit)";"10/10/2024 07:32:51"
"SRV-ALFRED-FREE-SN-TEST-SA-2";"Ubuntu Linux (64-bit)";"10/10/2024 07:32:51"
"SRV-ALFRED-FREE-SN-TEST-MASTER-1";"Ubuntu Linux (64-bit)";"10/10/2024 07:32:34"
"SRV-ALFRED-FREE-SN-TEST-W-2";"Ubuntu Linux (64-bit)";"10/10/2024 07:32:56"
"SRV-ALFRED-TGN-DEV-SA-4";"Ubuntu Linux (64-bit)";"10/10/2024 09:04:59"
"SRV-ALFRED-TGN-DEV-W-2";"Ubuntu Linux (64-bit)";"10/10/2024 09:04:55"
"SRV-ALFRED-TGN-DEV-SA-1";"Ubuntu Linux (64-bit)";"10/10/2024 09:04:47"
"SRV-ALFRED-TGN-DEV-W-1";"Ubuntu Linux (64-bit)";"10/10/2024 09:04:57"
"SRV-ALFRED-TGN-DEV-MASTER-1";"Ubuntu Linux (64-bit)";"10/10/2024 09:04:38"
"SRV-ALFRED-TGN-DEV-SA-2";"Ubuntu Linux (64-bit)";"10/10/2024 09:04:57"
"SRV-ALFRED-TGN-DEV-SA-5";"Ubuntu Linux (64-bit)";"10/10/2024 09:04:56"
"SRV-ALFRED-TGN-DEV-W-3";"Ubuntu Linux (64-bit)";"10/10/2024 09:05:06"
"SRV-ALFRED-TGN-DEV-SA-3";"Ubuntu Linux (64-bit)";"10/10/2024 09:04:59"
"SRV1-TOA-WEB";"CentOS 9 (64-bit)";"27/06/2023 05:48:57"
"SRV2-TOA-WEB";"CentOS 9 (64-bit)";"27/06/2023 10:59:57"
"CPP-APPS1-ACT-20211202-00795";"Ubuntu Linux (64-bit)";"17/12/2021 08:56:21"
"CPP-APPS2-ACT-20211202-00795";"Ubuntu Linux (64-bit)";"17/12/2021 09:12:38"
"CPP-DB2-ACT-20211202-00795";"Ubuntu Linux (64-bit)";"15/12/2021 13:16:52"
"CPP-APPS4-ACT-20211202-00795";"Ubuntu Linux (64-bit)";"17/12/2021 09:26:22"
"CPP-APPS3-ACT-20211202-00795";"Ubuntu Linux (64-bit)";"17/12/2021 09:17:36"
"CPP-MAIN-ACT-20211202-00795";"Ubuntu Linux (64-bit)";"15/12/2021 11:21:50"
"CPP-DB1-ACT-20211202-00795";"Ubuntu Linux (64-bit)";"15/12/2021 13:14:14"
"CUST-VM-GAMEOO-CHG0006848";"Ubuntu Linux (64-bit)";"03/01/2025 08:21:09"
"CUST-VM-AXI-ALTERRA";"Microsoft Windows Server 2022 (64-bit)";"19/02/2026 08:19:24"
"STX-CUST-VM-ENDUMA-IX-20230829-00003-CLONE";"Ubuntu Linux (64-bit)";"30/01/2025 19:50:49"
"CLONE-KIDSACADEMY-20230920";"Ubuntu Linux (64-bit)";"20/09/2023 13:40:03"
"CUST-VM-EVOBAT-01";"Ubuntu Linux (64-bit)";"30/01/2025 20:02:39"
"STX-TPL-INFRA-UBU24";"Ubuntu Linux (64-bit)";"20/01/2026 07:41:25"
"STX-DEBIAN-LAB";"Debian GNU/Linux 12 (64-bit)";"11/04/2025 09:07:54"
"STX-TEMPLATE-WIN-SERVER2022";"Microsoft Windows Server 2022 (64-bit)";"19/02/2026 06:55:06"
"TGN-INFRA-PNMSJ-2019";"Microsoft Windows Server 2016 (64-bit)";"21/09/2021 07:54:59"
"Cisco-vISE-300-3.4.0.608";"Red Hat Enterprise Linux 8 (64-bit)";"12/12/2025 09:09:51"
"tgn-infra-device42";"CentOS 4/5 (64-bit)";"25/10/2024 20:11:03"
"CUST-VM-KIDSACADEMY-NEW--IX-20221007-00021-2";"Ubuntu Linux (64-bit)";"10/07/2023 11:14:18"
"STX-CUST-TALYS";"Ubuntu Linux (64-bit)";"13/09/2023 11:55:45"
"CUST-VM-MTTM-ACT-20210201-00844";"Other 4.x Linux (64-bit)";"08/02/2021 12:29:59"
"CUST-VM-VPS1-COLORYS-IX-20220811-00011";"Debian GNU/Linux 11 (64-bit)";"11/08/2022 13:22:59"
"CUST-VM-SONAPAR-ACT-20201109-00203";"Ubuntu Linux (64-bit)";"13/11/2020 08:22:12"
"CUST-VM-ACADE IX-20220922-00046";"Ubuntu Linux (64-bit)";"22/09/2022 09:01:14"
"CUST-VM-GRANDMELLIS";"Ubuntu Linux (64-bit)";"03/01/2024 07:12:34"
"CUST-VM-PSM-ACT-20180323-01517";"Ubuntu Linux (64-bit)";"01/01/1970 00:00:00"
"CUST-VM-NAK-BkP";"Ubuntu Linux (64-bit)";"16/11/2022 09:34:38"
"CUST-VM-FILEMS2-ACT-20181031-01347";"Debian GNU/Linux 11 (64-bit)";"23/11/2022 14:01:32"
"CUST-VM-AMIT-REQ-20190805-00639";"Debian GNU/Linux 9 (64-bit)";"01/01/1970 00:00:00"
"CUST-VM-ONGDEFI-1-REQ-20181106-01579";"Other 4.x Linux (64-bit)";"01/01/1970 00:00:00"
"STX-CUST-AMM-IX-20230612-00057";"Debian GNU/Linux 12 (64-bit)";"12/06/2023 06:22:19"
"CUST-VM-MIJAHASINA-ACT-20200420-00950";"Ubuntu Linux (64-bit)";"01/01/1970 00:00:00"
"CUST-VM-ICEWARP-LOGISTICSHUBMG-IX-20230612-00054-OFF";"Ubuntu Linux (64-bit)";"09/06/2023 15:19:09"
"CUST-VM-MEN3-ACT-20190213-00577";"Debian GNU/Linux 9 (64-bit)";"01/01/1970 00:00:00"
"CUST-VM-ASL-ACT-20181025-00876";"Debian GNU/Linux 9 (64-bit)";"01/01/1970 00:00:00"
"STX-VM-FCCIM-ACT-20211115-00337-A-SUPPRIMER";"Ubuntu Linux (64-bit)";"26/11/2021 11:04:57"
"CUST-VM-VERTEC-REQ-20180625-00048";"Ubuntu Linux (64-bit)";"01/01/1970 00:00:00"
"CUST-VM-SMGD-ACT-20211012-00387";"CentOS 7 (64-bit)";"14/10/2021 12:21:38"
"CUST-VM-MADAOZI-IX-20222610";"CentOS 7 (64-bit)";"26/10/2022 05:23:14"
"STX-CUST-MABOO";"Ubuntu Linux (64-bit)";"08/03/2024 12:51:42"
"CUST-VM-RVS-NEW-ACT-20210610-00439";"Debian GNU/Linux 11 (64-bit)";"14/02/2022 12:59:24"
"CUST-VM-VOUCHERPIMP-ACT-20180206-00244";"Ubuntu Linux (64-bit)";"01/01/1970 00:00:00"
"CUST-VM-FusionHub-EUFONIE-ACT-20200915-02269";"Ubuntu Linux (64-bit)";"18/09/2020 13:28:20"
"CUST-VM-ATOS-2-REQ-20191017-00502";"Debian GNU/Linux 10 (64-bit)";"01/01/1970 00:00:00"
"CUST-VM-NEXT-FOOD-AFRICA-6051";"Ubuntu Linux (64-bit)";"30/09/2024 20:49:27"
"CUST-VM-PHARMALAGASY-ACT-20200924-01689";"CentOS 7 (64-bit)";"28/09/2020 08:06:23"
"CUST-VM-SODIM IX-20221230-00052";"Ubuntu Linux (64-bit)";"30/12/2022 13:35:34"
"STX-CUST-VM-VALENCE";"Debian GNU/Linux 13 (64-bit)";"06/05/2025 07:34:58"
"CUST-VM-PIC-REQ-20171214-00852-recovered";"Debian GNU/Linux 8 (64-bit)";"15/04/2025 08:30:28"
"CUST-VM-HCC-REQ-20220117-00170";"CentOS 7 (64-bit)";"16/02/2022 13:07:44"
"STX-CUST-AZAELA";"Ubuntu Linux (64-bit)";"14/11/2023 07:22:57"
"STX-CUST-VM-SIM-IX-429";"Ubuntu Linux (64-bit)";"05/10/2023 07:38:30"
"CUST-VM-MADAIDS3-REQ-20160310-01191";"CentOS 7 (64-bit)";"01/01/1970 00:00:00"
"CUST-VM-CSM-ACT-20211012-01217";"CentOS 7 (64-bit)";"15/10/2021 08:37:05"
"CUST-VM-PULSE-GLPI";"Red Hat Enterprise Linux 9 (64-bit)";"19/12/2024 06:34:41"
"CUST-VM-METEO-ACT-20211006-01185";"CentOS 7 (64-bit)";"13/10/2021 13:23:57"
"CUST-VM-MSI-ACT-20171129-00321";"Ubuntu Linux (64-bit)";"01/01/1970 00:00:00"
"CUST-VM-2MI";"Other 4.x Linux (64-bit)";"01/01/1970 00:00:00"
"CUST-VM-VIPLOG-PF- ACT-20180108-01382";"FreeBSD 11 (64-bit)";"01/01/1970 00:00:00"
"CUST-VM-OCSIF";"Ubuntu Linux (64-bit)";"01/01/1970 00:00:00"
"CUST-VM-KMR-ACT-20210401-00167";"Ubuntu Linux (64-bit)";"09/04/2021 07:33:21"
"CUST-VM-SMGD-ACT-20220808-00974";"CentOS 8 (64-bit)";"25/08/2022 07:05:26"
"CUST-VM-TRANS-FIDY";"Microsoft Windows Server 2022 (64-bit)";"30/05/2023 06:31:02"
"CUST-VM-MIN-SECU-INT-ACT-20200604-01642";"Ubuntu Linux (64-bit)";"01/01/1970 00:00:00"
"CUST-VM-MDJ-1-ACT-20220126-07543";"CentOS 7 (64-bit)";"04/02/2022 15:02:54"
"CUST-VM-UPRIM-ACT-20210924-01125";"Ubuntu Linux (64-bit)";"13/10/2021 14:24:59"
"CUST-VM-EMEDIA-ACT-20200905-00194-fo.emedia";"Other 4.x Linux (64-bit)";"11/09/2020 06:09:02"
"CUST-VM-MEN-SIEGE-ACT-20180221-01433";"CentOS 7 (64-bit)";"01/01/1970 00:00:00"
"CUST-VM-ETECH-2-ACT-20200402-01387";"Ubuntu Linux (64-bit)";"01/01/1970 00:00:00"
"CUST-VM-ONGDEFI-2-REQ-20181106-01579";"Debian GNU/Linux 9 (64-bit)";"01/01/1970 00:00:00"
"CUST-VM-VATEL-ACT-20200808-00012";"Other 4.x Linux (64-bit)";"01/01/1970 00:00:00"
"CUST-VM-STEPHAINABEAUTY- IX-20221018-00038";"Microsoft Windows Server 2019 (64-bit)";"04/01/2023 08:21:46"
"STX-CUST-BONDY";"Debian GNU/Linux 11 (64-bit)";"06/11/2023 09:03:49"
"CUST-VM-2MI-IX-20230322-00117";"Debian GNU/Linux 11 (64-bit)";"22/03/2023 08:39:22"
"CUST-VM-OZI";"Ubuntu Linux (64-bit)";"01/01/1970 00:00:00"
"CUST-VM-PARAMAD-IX-20220919-00043";"Ubuntu Linux (64-bit)";"20/09/2022 13:55:44"
"CUST-VM-ADSLZIP-REQ-20180705-00023";"Microsoft Windows Server 2022 (64-bit)";"30/05/2024 08:26:56"
"CUST-VM-LYCEE-FRANCAIS-ACT-20140408-00561";"Ubuntu Linux (64-bit)";"01/01/1970 00:00:00"
"CUST-VM-FSS-ACT-20200217-01053";"Ubuntu Linux (64-bit)";"01/01/1970 00:00:00"
"CUST-VM-DOOKAN-ACT-20200907-00979";"Ubuntu Linux (64-bit)";"17/09/2020 19:59:37"
"CUST-VM-SALAMA-ACT-20220228-02908";"Ubuntu Linux (64-bit)";"02/03/2022 04:36:24"
"CUST-VM-MEN-5-SIEGE-ACT-20201020-00098";"Debian GNU/Linux 12 (64-bit)";"22/10/2020 07:00:11"
"CUST-VM-FONDATION-H-ACT-20191206-00068";"Ubuntu Linux (64-bit)";"01/01/1970 00:00:00"
"CUST-VM-SICAMOCCASION-REQ-20211019-00258";"Ubuntu Linux (64-bit)";"25/10/2021 07:08:34"
"CUST-VM-IMMORAMA";"Ubuntu Linux (64-bit)";"01/01/1970 00:00:00"
"CUST-VM-PARISPORT-2020-ACT-20200804-07346";"CentOS 7 (64-bit)";"01/01/1970 00:00:00"
"CUST-VM-VIVA-REQ-20181015-04009";"Debian GNU/Linux 9 (64-bit)";"01/01/1970 00:00:00"
"CUST-VM-BLACKNGREEN-G";"CentOS 7 (64-bit)";"20/06/2022 11:18:39"
"CUST-VM-MINAGRI-ACT-20171120-02061";"Ubuntu Linux (64-bit)";"01/01/1970 00:00:00"
"CUST-VM-METFPDSI-ACT20200928-00031";"Ubuntu Linux (64-bit)";"21/11/2024 10:37:56"
"CUST-VM-SOFTWELL-CHG0007260";"Ubuntu Linux (64-bit)";"11/02/2025 11:50:25"
"CUST-VM-CHUJRB";"Ubuntu Linux (64-bit)";"19/08/2025 10:23:00"
"CUST-VM-MDJ-2-ACT-20220126-07543";"CentOS 7 (64-bit)";"04/02/2022 15:04:52"
"CUST-VM-MADAGASCO-01";"Microsoft Windows Server 2022 (64-bit)";"04/10/2024 06:59:33"
"CUST-VM-ADSLZIP2-REQ-20180705-00023";"Ubuntu Linux (64-bit)";"07/07/2021 09:03:21"
"CUST-VM-ARMP-IX-20221017-00036";"Ubuntu Linux (64-bit)";"19/10/2022 06:58:16"
"CUST-VM-TEST";"Ubuntu Linux (64-bit)";"07/03/2022 13:08:01"
"CUST-VM-METEO-BACKUP-ACT-20211006-01185";"CentOS 7 (64-bit)";"13/10/2021 13:52:16"
"CUST-VM-VIPLOG-WIN- ACT-20180108-01382";"Microsoft Windows Server 2016 or later (64-bit)";"01/01/1970 00:00:00"
"CUST-VM-SGEM-TGC-20181109-00023";"Ubuntu Linux (64-bit)";"01/01/1970 00:00:00"
"CUST-VM-MEAH-ACT-20220331-02032";"Ubuntu Linux (64-bit)";"06/04/2022 14:11:45"
"CUST-VM-COPEFRITO1-REQ-20180618-01480";"Ubuntu Linux (64-bit)";"01/01/1970 00:00:00"
"CUST-VM-ASSEMBLEE-REQ-20190620-00143";"CentOS 6 (64-bit)";"01/01/1970 00:00:00"
"CUST-VM-ECOVET-ACT-20220406-00718";"CentOS 8 (64-bit)";"26/04/2022 11:47:11"
"CUST-VM-ATOS-1-REQ-20191017-00743";"Debian GNU/Linux 10 (64-bit)";"01/01/1970 00:00:00"
"CUST-VM-ONGDEFI-3-REQ-20181106-01579";"Debian GNU/Linux 9 (64-bit)";"01/01/1970 00:00:00"
"CUST-VM-MEN-6-ACT-20220215-02696";"CentOS 7 (64-bit)";"22/02/2022 12:51:44"
"CUST-VM-INSTAT-ACT-20190514-01184";"Ubuntu Linux (64-bit)";"01/01/1970 00:00:00"
"CUST-VM-CNFI-ACT-20181224-01334";"Ubuntu Linux (64-bit)";"01/01/1970 00:00:00"
"CUST-VM-DEFIS-REQ-20190425-01238";"Ubuntu Linux (64-bit)";"01/01/1970 00:00:00"
"CUST-VM-DGSR-ACT-20181128-01350";"Ubuntu Linux (64-bit)";"01/01/1970 00:00:00"
"CUST-VM-SODIM-ACT-20201012-01385";"Ubuntu Linux (64-bit)";"15/10/2020 08:28:07"
"CUST-VM-MNP-ACT-20210618-00960";"Microsoft Windows Server 2012 (64-bit)";"24/06/2021 05:19:12"
"CUST-VM-OTIV-REQ-20191115-01363";"Ubuntu Linux (64-bit)";"01/01/1970 00:00:00"
"CUST-VM-RNCSCM-IX-20221115-0015";"CentOS 7 (64-bit)";"15/11/2022 19:58:35"
"CUST-VM-EASYTECH-ACT-20190912-09579";"Ubuntu Linux (64-bit)";"01/01/1970 00:00:00"
"CSt-VM-HODIHOST-DEBIAN";"Debian GNU/Linux 12 (64-bit)";"07/04/2025 08:59:34"
"CUST-VM-PIC-REQ-20171214-00852";"Debian GNU/Linux 11 (64-bit)";"01/01/1970 00:00:00"
"CUST-VM-UCP-ACT-20200421-00556";"Ubuntu Linux (64-bit)";"01/01/1970 00:00:00"
"CUST-VM-CYBERTECH-mUnit-OFF";"Other Linux (64-bit)";"24/10/2022 12:03:13"
"CUST-VM-CAPSULE-ACT-20210806-00395";"Ubuntu Linux (64-bit)";"13/08/2021 13:55:43"
"CUST-VM-SOFTWELL-4-REC-20210412-01572";"Microsoft Windows Server 2016 or later (64-bit)";"03/05/2021 05:04:10"
"AXU-HIVE-APP-01";"Ubuntu Linux (64-bit)";"20/01/2026 11:08:49"
"AXU-FWL-PFSENSE-01";"FreeBSD 15 or later versions (64-bit)";"20/01/2026 07:31:51"
"AXU-HIVE-DBA-01";"Ubuntu Linux (64-bit)";"20/01/2026 10:57:14"
"STX-ZEXTRAS-PIC-NEW";"Ubuntu Linux (64-bit)";"15/04/2025 20:11:01"
"SRV-ALFRED-NGINX-01";"Ubuntu Linux (64-bit)";"05/02/2026 12:34:14"
"SRV-ALFRED-MASTER-03";"Ubuntu Linux (64-bit)";"05/02/2026 12:33:20"
"SRV-ALFRED-MYSQL-01";"Ubuntu Linux (64-bit)";"05/02/2026 12:33:23"
"SRV-ALFRED-MASTER-02";"Ubuntu Linux (64-bit)";"05/02/2026 12:33:17"
"SRV-ALFRED-RABBITMQ-01";"Ubuntu Linux (64-bit)";"05/02/2026 12:33:16"
"SRV-ALFRED-HAPROXY-01";"Ubuntu Linux (64-bit)";"05/02/2026 12:33:52"
"SRV-ALFRED-WORKER-02";"Ubuntu Linux (64-bit)";"05/02/2026 12:33:19"
"SRV-ALFRED-NFS-01";"Ubuntu Linux (64-bit)";"05/02/2026 12:33:15"
"SRV-ALFRED-HAPROXY-PUBLIC";"Ubuntu Linux (64-bit)";"26/03/2026 07:59:40"
"SRV-ALFRED-WORKER-04";"Ubuntu Linux (64-bit)";"05/02/2026 12:33:23"
"SRV-ALFRED-WORKER-01";"Ubuntu Linux (64-bit)";"05/02/2026 12:34:32"
"SRV-ALFRED-MASTER-01";"Ubuntu Linux (64-bit)";"05/02/2026 12:33:16"
"SRV-ALFRED-MONGODB-01";"Ubuntu Linux (64-bit)";"05/02/2026 12:34:32"
"SRV-ALFRED-WORKER-03";"Ubuntu Linux (64-bit)";"05/02/2026 12:33:46"
"TGN-INFRA-CONTROL-CENTER-SERVER";"CentOS 4/5/6/7 (64-bit)";"30/03/2022 06:52:42"
"TGN-INFRA-SHADOWSERVER";"Ubuntu Linux (64-bit)";"22/03/2021 09:19:25"
"ZEXTRAS-PROXY-02";"Ubuntu Linux (64-bit)";"13/10/2022 19:54:53"
"ZEXTRAS-MBOX-01";"Ubuntu Linux (64-bit)";"10/10/2022 05:19:02"
"ZEXTRAS-LOGGER";"Ubuntu Linux (64-bit)";"10/10/2022 05:21:22"
"ZEXTRAS-PROXY-01";"Ubuntu Linux (64-bit)";"07/10/2022 07:27:26"
"ZEXTRAS-MTA-01";"Ubuntu Linux (64-bit)";"07/10/2022 10:47:31"
"ZEXTRAS-LDAP-01";"Ubuntu Linux (64-bit)";"07/10/2022 11:36:27"
"ZEXTRAS-PFSENSE-2";"Other (64-bit)";"19/10/2022 05:22:08"
"ZEXTRAS-BACKUP";"Ubuntu Linux (64-bit)";"18/10/2022 08:03:20"
"ZEXTRAS-LDAP-02";"Ubuntu Linux (64-bit)";"07/10/2022 12:07:38"
"ZEXTRAS-MTA-02";"Ubuntu Linux (64-bit)";"12/10/2022 10:56:13"
"TGN-INFRA-ALFRED-BACKUP";"Ubuntu Linux (64-bit)";"01/01/1970 00:00:00"
"TGN-INFRA-ALFRED-GITLAB";"Ubuntu Linux (64-bit)";"01/01/1970 00:00:00"
"TGN-INFRA-ALFRED-ANSIBLE";"Ubuntu Linux (64-bit)";"10/03/2022 13:45:11"
"TGN-INFRA-ALFRED-MAP";"Ubuntu Linux (64-bit)";"21/09/2021 11:58:58"
"TGN-INFRA-ALFRED-U2000";"Ubuntu Linux (64-bit)";"01/01/1970 00:00:00"
"TGN-INFRA-ALFRED-BGPALERTER";"Ubuntu Linux (64-bit)";"05/11/2020 11:27:24"
"TGN-INFRA-ALFRED-QUEUE";"Ubuntu Linux (64-bit)";"01/01/1970 00:00:00"
"TGN-INFRA-ALFRED-TASK";"Ubuntu Linux (64-bit)";"01/01/1970 00:00:00"
"TGN-INFRA-ALFRED-FTP-WM";"Ubuntu Linux (64-bit)";"18/11/2021 06:19:38"
"TGN-INFRA-ALFRED-PERCONA-PMM";"Ubuntu Linux (64-bit)";"01/01/1970 00:00:00"
"TGN-INFRA-ALFRED-CONTROLLER";"Ubuntu Linux (64-bit)";"01/01/1970 00:00:00"
"TGN-INFRA-ALFRED-TICKETS";"Ubuntu Linux (64-bit)";"01/01/1970 00:00:00"
"TGN-INFRA-ALFRED-CORE-DEV";"Ubuntu Linux (64-bit)";"01/01/1970 00:00:00"
"CLONE-INFRA-ALFRED-MYSQL3";"Ubuntu Linux (64-bit)";"01/01/1970 00:00:00"
"TGN-INFRA-ALFRED-SYSLOG";"Ubuntu Linux (64-bit)";"01/01/1970 00:00:00"
"TGN-INFRA-ALFRED-CLICKHOUSE";"Ubuntu Linux (64-bit)";"01/01/1970 00:00:00"
"TGN-INFRA-ALFRED-BIG-DATA";"Ubuntu Linux (64-bit)";"17/09/2021 13:54:42"
"TGN-INFRA-ALFRED-K8-CLUSTER";"Ubuntu Linux (64-bit)";"21/11/2022 09:32:25"
"TGN-INFRA-ALFRED-PERF-DB";"Ubuntu Linux (64-bit)";"01/01/1970 00:00:00"
"TGN-INFRA-ALFRED-BI";"Ubuntu Linux (64-bit)";"01/01/1970 00:00:00"
"TGN-ALFRED-CLICKHOUSE-2";"Ubuntu Linux (64-bit)";"23/12/2021 19:37:39"
"TGN-INFRA-ALFRED-MONGO2";"Ubuntu Linux (64-bit)";"01/01/1970 00:00:00"
"TGN-INFRA-ALFRED-PARSER";"Ubuntu Linux (64-bit)";"27/09/2021 12:39:53"
"TGN-ALFRED-CLICKHOUSE-GAL-03";"Ubuntu Linux (64-bit)";"02/02/2022 07:55:23"
"TGN-INFRA-ALFRED-REQUEST-HANDLER";"Ubuntu Linux (64-bit)";"01/01/1970 00:00:00"
"TGN-INFRA-ALFRED-MYSQL-4";"Ubuntu Linux (64-bit)";"01/01/1970 00:00:00"
"TGN-INFRA-ALFRED-INFLUXDB";"Ubuntu Linux (64-bit)";"01/01/1970 00:00:00"
"TGN-INFRA-ALFRED-LOG";"Ubuntu Linux (64-bit)";"10/11/2020 13:02:10"
"TGN-INFRA-ALFRED-MASTER-3";"Ubuntu Linux (64-bit)";"01/01/1970 00:00:00"
"TGN-INFRA-ALFRED-CALC";"Ubuntu Linux (64-bit)";"01/01/1970 00:00:00"
"TGN-INFRA-ALFRED-ALERTA";"Ubuntu Linux (64-bit)";"01/01/1970 00:00:00"
"TGN-INFRA-ALFRED-SITES";"Ubuntu Linux (64-bit)";"01/01/1970 00:00:00"
"TGN-INFRA-ALFRED-TRACK";"Ubuntu Linux (64-bit)";"01/01/1970 00:00:00"
"TGN-ALFRED-GRAPHANA-GAL";"Ubuntu Linux (64-bit)";"01/02/2022 13:27:46"
"TGN-INFRA-ALFRED-GITLAB2";"Ubuntu Linux (64-bit)";"01/01/1970 00:00:00"
"TGN-INFRA-ALFRED-GRAFANA";"Ubuntu Linux (64-bit)";"01/01/1970 00:00:00"
"TGN-ALFRED-PROMETHEUS";"Ubuntu Linux (64-bit)";"01/02/2022 13:36:15"
"TGN-INFRA-ALFRED-MYSQL-5";"Ubuntu Linux (64-bit)";"01/01/1970 00:00:00"
"TGN-INFRA-ALFRED-AUTH";"Ubuntu Linux (64-bit)";"01/01/1970 00:00:00"
"TGN-INFRA-ALFRED-DASHBOARD";"Ubuntu Linux (64-bit)";"01/01/1970 00:00:00"
"TGN-INFRA-ALFRED-POLLER";"Ubuntu Linux (64-bit)";"01/01/1970 00:00:00"
"TGN-INFRA-ALFRED-BIGBLUEBUTTON";"Ubuntu Linux (64-bit)";"01/01/1970 00:00:00"
"TGN-ALFRED-MONGO4";"Ubuntu Linux (64-bit)";"01/01/1970 00:00:00"
"STX-ALFRED-PFSENSE";"FreeBSD 11 (64-bit)";"04/10/2024 11:23:56"
"TGN-ALFRED-ASTELIA-GAL-2";"Ubuntu Linux (64-bit)";"01/10/2021 13:43:03"
"TGN-INFRA-ALFRED-centreon-poller";"CentOS 6 (64-bit)";"01/01/1970 00:00:00"
"TGN-INFRA-ALFRED-OM";"Ubuntu Linux (64-bit)";"01/01/1970 00:00:00"
"TGN-INFRA-ALFRED-CACHE";"Ubuntu Linux (64-bit)";"01/01/1970 00:00:00"
"TGN-INFRA-CLICKHOUSE-2";"Ubuntu Linux (64-bit)";"04/12/2020 11:12:24"
"TGN-INFRA-ALFRED-CORE-DEV-NEW";"Ubuntu Linux (64-bit)";"18/03/2024 11:59:39"
"TGN-INFRA-ALFRED-MYSQL-2";"Ubuntu Linux (64-bit)";"01/01/1970 00:00:00"
"TGN-ALFRED-ASTELIA-GAL-1";"Ubuntu Linux (64-bit)";"01/10/2021 13:43:03"
"TGN-INFRA-ALFRED-WEBSERVICE";"Ubuntu Linux (64-bit)";"01/01/1970 00:00:00"
"TGN-INFRA-ALFRED-ORCHESTRATOR-2";"Ubuntu Linux (64-bit)";"01/01/1970 00:00:00"
"TGN-INFRA-ALFRED-MYSQL-6";"Ubuntu Linux (64-bit)";"01/01/1970 00:00:00"
"TGN-INFRA-ALFRED-MONGO-3";"Ubuntu Linux (64-bit)";"01/01/1970 00:00:00"
"HOD-VPS-APP-01";"AlmaLinux (64-bit)";"11/02/2026 11:28:45"
"FW-PFSENSE-HODIHOST-NEW";"FW-PFSENSE-HODIHOST-NEW";"11/02/2026 10:23:45"
"HOD-VPS-APP-02";"Ubuntu Linux (64-bit)";"26/03/2026 10:52:51"
"HOD-VPS-APP-03";"Ubuntu Linux (64-bit)";"23/03/2026 12:45:35"
"HOD-BACKUP-LNM";"Ubuntu Linux (64-bit)";"02/04/2026 13:17:54"
"HOD-VPS-APP-04";"Microsoft Windows Server 2022 (64-bit)";"02/04/2026 12:22:20"
"CUST-VM-HODIHOST";"Other 5.x Linux (64-bit)";"10/03/2025 12:34:13"
"ALFRED-NEA-MG-W03";"Ubuntu Linux (64-bit)";"11/02/2026 08:19:49"
"ALFRED-NEA-MG-W02";"Ubuntu Linux (64-bit)";"11/02/2026 08:19:55"
"ALFRED-NEA-MG-W01";"Ubuntu Linux (64-bit)";"11/02/2026 08:19:56"
"ALFRED-NEA-MG-LB";"Ubuntu Linux (64-bit)";"11/02/2026 08:19:55"
"ALFRED-NEA-MG-W04";"Ubuntu Linux (64-bit)";"11/02/2026 08:20:07"
"ALFRED-NEA-MG-M01";"Ubuntu Linux (64-bit)";"11/02/2026 08:20:38"
"ALFRED-NEA-MG-AMQ01";"Ubuntu Linux (64-bit)";"11/02/2026 08:20:54"
"ALFRED-NEA-MG-NFS";"Ubuntu Linux (64-bit)";"11/02/2026 08:21:07"
"ALFRED-NEA-MG-SQL01";"Ubuntu Linux (64-bit)";"11/02/2026 08:19:59"
"ALFRED-NEA-MG-M02";"Ubuntu Linux (64-bit)";"11/02/2026 08:20:56"
"ALFRED-NEA-MG-MONGO01";"Ubuntu Linux (64-bit)";"11/02/2026 08:19:55"
"ALFRED-NEA-MG-M03";"Ubuntu Linux (64-bit)";"11/02/2026 08:21:31"
"ALFRED-NEA-MG-W05";"Ubuntu Linux (64-bit)";"11/02/2026 08:20:26"
"ALFRED-NEA-MG-PROXY";"Ubuntu Linux (64-bit)";"11/02/2026 08:21:28"
"TGN-INT-FW-01";"FreeBSD Pre-11 versions (64-bit)";"01/01/1970 00:00:00"
"TGN-INFRA-NKVO-TRANS-AN";"Ubuntu Linux (64-bit)";"26/12/2022 14:18:36"
"TGN-INFRA-POC-PERFWAVE";"CentOS 7 (64-bit)";"21/09/2021 13:56:53"
"TGN-INT-FW-NG";"Other (64-bit)";"13/11/2025 13:57:11"
"STX-MGMT-ACCESS";"Microsoft Windows Server 2022 (64-bit)";"09/10/2023 18:30:15"
"TOA-ALFRED-K8S-APP-03";"Ubuntu Linux (64-bit)";"05/03/2025 02:48:57"
"TOA-ALFRED-K8S-PROD-01";"Ubuntu Linux (64-bit)";"04/03/2025 14:42:11"
"TOA-ALFRED-K8S-PROD-04";"Ubuntu Linux (64-bit)";"05/03/2025 01:23:53"
"TOA-ALFRED-K8S-DB-03";"Ubuntu Linux (64-bit)";"05/03/2025 01:31:31"
"TOA-ALFRED-K8S-PROD-03";"Ubuntu Linux (64-bit)";"05/03/2025 01:23:53"
"SRV-ALFRED-TOA-TEST-W-1";"Ubuntu Linux (64-bit)";"10/10/2024 08:34:14"
"SRV-ALFRED-TOA-TEST-SA-2";"Ubuntu Linux (64-bit)";"10/10/2024 08:34:23"
"TOA-ALFRED-K8S-APP-01";"Ubuntu Linux (64-bit)";"05/03/2025 02:54:31"
"TOA-ALFRED-K8S-PROD-02";"Ubuntu Linux (64-bit)";"04/03/2025 14:46:14"
"TOA-ALFRED-K8S-APP-04";"Ubuntu Linux (64-bit)";"05/03/2025 01:31:27"
"SRV-ALFRED-TOA-TEST-SA-1";"Ubuntu Linux (64-bit)";"10/10/2024 08:34:23"
"SRV-ALFRED-STX-TEST";"Ubuntu Linux (64-bit)";"20/03/2025 19:26:35"
"TOA-ALFRED-K8S-DB-02";"Ubuntu Linux (64-bit)";"05/03/2025 02:49:00"
"TOA-ALFRED-K8S-PROD-07";"Ubuntu Linux (64-bit)";"05/03/2025 01:23:55"
"TOA-ALFRED-K8S-PROD-05";"Ubuntu Linux (64-bit)";"05/03/2025 01:23:53"
"TOA-ALFRED-K8S-APP-02";"Ubuntu Linux (64-bit)";"05/03/2025 02:48:58"
"TOA-ALFRED-K8S-PROD-06";"Ubuntu Linux (64-bit)";"05/03/2025 01:23:57"
"SRV-ALFRED-TOA-TEST-W-2";"Ubuntu Linux (64-bit)";"18/12/2024 12:58:37"
"SRV-ALFRED-TOA-TEST-SA-3";"Ubuntu Linux (64-bit)";"10/10/2024 08:34:23"
"TOA-ALFRED-K8S-DB-01";"Ubuntu Linux (64-bit)";"05/03/2025 01:31:28"
"SRV-ALFRED-TOA-TEST-W-3";"Ubuntu Linux (64-bit)";"10/10/2024 08:34:14"
"TOA-ALFRED-K8S-PROD-08";"Ubuntu Linux (64-bit)";"05/03/2025 01:23:53"
"SRV-ALFRED-TOA-TEST-MASTER-1";"Ubuntu Linux (64-bit)";"10/10/2024 08:34:15"
"STX-SRV-TOA-TEST-";"Ubuntu Linux (64-bit)";"08/04/2025 08:56:29"
"STX-INFRA-AU-01";"Ubuntu Linux (64-bit)";"22/10/2025 11:09:56"
"CUST-VM-AXIAN-WEB";"Ubuntu Linux (64-bit)";"19/12/2023 07:59:01"
"CUST-VM-AXIAN-AUDIT-GAL-AXIAN-GROUP-COM";"Ubuntu Linux (64-bit)";"22/06/2022 11:51:14"
"CUST-VM-ASS-IX-20230912-00001";"Ubuntu Linux (64-bit)";"12/09/2023 08:47:23"
"CUST-VM-AXIANSUPPORTSERVICES";"Ubuntu Linux (64-bit)";"13/01/2023 13:26:21"
"TGN-AXIAN-SERVICES-ESM-WIN-2012-MASTER";"Microsoft Windows Server 2012 (64-bit)";"20/03/2022 20:12:33"
"CLONE-AXIAN-SERVICES-ESM";"Microsoft Windows Server 2008 R2 (64-bit)";"01/01/1970 00:00:00"
"TGN-AXIAN-SERVICES-ESM-WIN-2012-MASTER-03";"Microsoft Windows Server 2012 (64-bit)";"17/10/2022 23:08:54"
"TGN-AXIAN-SERVICES-ESM-WIN-2012-MASTER-02";"Microsoft Windows Server 2012 (64-bit)";"14/10/2022 21:02:05"
"TGN-AXIAN-SERVICES-GMAO-DB";"Ubuntu Linux (64-bit)";"01/01/1970 00:00:00"
"TGN-VIRTUAL-RTR-AXIAN-SERVICES";"Other Linux (64-bit)";"01/01/1970 00:00:00"
"TGN-AXIAN-SERVICES-GMAO-20211012-PROD";"Ubuntu Linux (64-bit)";"01/01/1970 00:00:00"
"TGN-AXIAN-DATA";"Red Hat Enterprise Linux 8 (64-bit)";"20/10/2021 12:48:14"
"TGN-AXIAN-SERVICES-NGINX-LB-01";"Ubuntu Linux (64-bit)";"01/01/1970 00:00:00"
"YMG-VPS-CSW-01";"Rocky Linux (64-bit)";"11/02/2026 10:45:41"
"TELCOMONEY-AML-FRONTEND-01";"Red Hat Enterprise Linux 9 (64-bit)";"15/04/2025 10:38:00"
"TELCOMONEY-AML-DB-01";"Red Hat Enterprise Linux 9 (64-bit)";"15/04/2025 10:38:08"
"TELCO-MONEY-AML-FTG-01";"Other 4.x Linux (64-bit)";"26/03/2025 16:39:39"
"TELCOMONEY-AML-SEARCH-01";"Red Hat Enterprise Linux 9 (64-bit)";"15/04/2025 10:38:10"
"TELCO-MONEY-OCR-FTG-01";"Other 4.x Linux (64-bit)";"06/03/2025 17:25:41"
"TELCO-MONEY-OCR-01";"Red Hat Enterprise Linux 9 (64-bit)";"06/03/2025 17:18:10"
"TELCO-MONEY-LMS-Postgres";"Red Hat Enterprise Linux 9 (64-bit)";"31/07/2025 13:49:03"
"TELCO-MONEY-LMS-WORKER-01";"Red Hat Enterprise Linux 9 (64-bit)";"05/03/2025 07:34:11"
"TELCO-MONEY-LMS-APP-03";"Red Hat Enterprise Linux 9 (64-bit)";"02/10/2025 07:20:57"
"TELCO-MONEY-LMS-JENKINS";"Red Hat Enterprise Linux 9 (64-bit)";"10/09/2025 07:47:00"
"TELCO-MONEY-LMS-HARBOR";"Red Hat Enterprise Linux 9 (64-bit)";"10/09/2025 07:45:19"
"TELCO-MONEY-LMS-INGRESS-01";"Red Hat Enterprise Linux 9 (64-bit)";"05/03/2025 07:34:12"
"TELCO-MONEY-LMS-APP-02";"Red Hat Enterprise Linux 9 (64-bit)";"02/10/2025 07:20:54"
"TELCO-MONEY-LMS-APP-01";"Red Hat Enterprise Linux 9 (64-bit)";"02/10/2025 07:20:59"
"TELCO-MONEY-LMS-WORKER-02";"Red Hat Enterprise Linux 9 (64-bit)";"05/03/2025 07:34:12"
"TELCO-MONEY-LMS-FTG-01";"Other 4.x Linux (64-bit)";"05/03/2025 09:21:37"
"TELCO-MONEY-LMS-MASTER-01";"Red Hat Enterprise Linux 9 (64-bit)";"05/03/2025 07:34:12"
"TELCO-MONEY-LMS-HAPROXY-01";"Red Hat Enterprise Linux 9 (64-bit)";"05/03/2025 07:34:11"
"TELCO-MONEY-LMS-MASTER-03";"Red Hat Enterprise Linux 9 (64-bit)";"05/03/2025 07:34:11"
"TELCO-MONEY-LMS-MASTER-02";"Red Hat Enterprise Linux 9 (64-bit)";"05/03/2025 07:34:12"
"viptela-Vsmart01-genericx86-64-01";"Other 5.x Linux (64-bit)";"31/10/2025 07:21:57"
"viptela-vmanage-genericx86-64";"Other 5.x Linux (64-bit)";"31/10/2025 07:29:04"
"VM-DTG-ZABBIX";"Ubuntu Linux (64-bit)";"26/02/2026 08:50:11"
"viptela-Vsmart02-genericx86-64-02";"Other 5.x Linux (64-bit)";"31/10/2025 07:27:36"
"FGT-SDWAN-02";"Other 4.x Linux (64-bit)";"22/12/2025 08:34:23"
"VM-DTG-IPBX";"Ubuntu Linux (64-bit)";"26/02/2026 08:27:38"
"viptela-bond-genericx86-64";"Other 5.x Linux (64-bit)";"31/10/2025 07:25:07"
"FGT-SDWAN-01";"Other 4.x Linux (64-bit)";"22/12/2025 11:35:06"
"Cisco-vISE-600-3.5.0.527";"Red Hat Enterprise Linux 8 (64-bit)";"26/12/2025 10:36:14"
"YAS-VM-CATALYST";"Debian GNU/Linux 10 (64-bit)";"16/03/2026 13:52:27"
"VM-DTG-AD-SD-WAN";"Microsoft Windows Server 2022 (64-bit)";"03/03/2026 05:56:51"
"catc2379_catalyst_center";"Ubuntu Linux (64-bit)";"31/10/2025 08:19:36"
"STX-DTG-C9800-CL";"Other 4.x Linux (64-bit)";"12/12/2025 11:35:25"
"STX-DTG-ZABBIX";"Ubuntu Linux (64-bit)";"15/12/2025 10:54:24"
"DTG-INFRA-MAE-CLIENT";"Microsoft Windows Server 2022 (64-bit)";"26/03/2026 10:44:07"
"DTG-ACCESS-PROXY";"Rocky Linux (64-bit)";"22/04/2026 11:59:31"
"YAS-INFRA-DB-REPLICA";"Red Hat Enterprise Linux 9 (64-bit)";"25/07/2025 07:35:44"
"TGN-DSI-DNS2-TINP166LV";"Other 4.x or later Linux (64-bit)";"21/01/2022 08:30:45"
"TGN-INFRA-MENTUM-ELLIPSE";"Microsoft Windows Server 2016 or later (64-bit)";"24/08/2021 08:23:20"
"TGN-INFRA-MAIL-SMTP-RELAY-2";"Ubuntu Linux (64-bit)";"17/02/2021 08:28:24"
"TGN-INFRA-MAIL-SMTP-RELAY-1";"Ubuntu Linux (64-bit)";"17/02/2021 08:28:24"
"TGN-INFRA-ASTELLIA-NBI";"Red Hat Enterprise Linux 7 (64-bit)";"23/03/2021 13:42:06"
"TGN-INFRA-ASTELLIA-NBI-SECONDARY";"Red Hat Enterprise Linux 7 (64-bit)";"05/07/2021 17:51:59"
"TGN-INFRA-REPORTING-BACKUP";"Ubuntu Linux (64-bit)";"03/06/2026 14:28:49"
"TGN-INFRA-REPORTING-NEW-PROD-BACKUP";"Ubuntu Linux (64-bit)";"01/01/1970 00:00:00"
"TGN-INFRA-ACCESS-REPORTING-DB-02";"Ubuntu Linux (64-bit)";"04/03/2022 13:03:35"
"TGN-INFRA-ACCESS-REPORTING-DB-01";"Ubuntu Linux (64-bit)";"04/03/2022 13:01:58"
"TGN-INFRA-REPORTING-TEST";"Ubuntu Linux (64-bit)";"07/10/2024 06:43:15"
"TGN-INFRA-REPORTING-NEW-PROD";"Ubuntu Linux (64-bit)";"01/01/1970 00:00:00"
"TGN-INFRA-HOTSPOT-BOA";"Microsoft Windows Server 2016 or later (64-bit)";"01/12/2020 13:41:57"
"TGN-INFRA-MAIL-ASTELLIA";"Ubuntu Linux (64-bit)";"04/03/2021 08:02:00"
"INFRA-NOKIA-AMS-2021";"Red Hat Enterprise Linux 7 (64-bit)";"30/11/2021 11:03:16"
"STX-DTG-AMS-NEW-01";"Red Hat Enterprise Linux 9 (64-bit)";"05/02/2026 10:37:50"
"INFRA-NOKIA-SAM";"Red Hat Enterprise Linux 7 (64-bit)";"01/01/1970 00:00:00"
"INFRA-NOKIA-ISAM-AMS-FULL-SWAP";"Red Hat Enterprise Linux 7 (64-bit)";"01/01/1970 00:00:00"
"INFRA-NOKIA-NFM-P";"Red Hat Enterprise Linux 8 (64-bit)";"02/07/2024 09:39:24"
"TGN-NETDATA-CENTRAL";"Ubuntu Linux (64-bit)";"01/01/1970 00:00:00"
"TGN-MMONIT";"Ubuntu Linux (64-bit)";"01/01/1970 00:00:00"
"TGN-BACKUP-U2000";"Ubuntu Linux (64-bit)";"01/01/1970 00:00:00"
"TGN-INFRA-MONITORING-CCS";"Ubuntu Linux (64-bit)";"12/01/2024 07:38:47"
"TGN-GAL-LIBRENMS";"Ubuntu Linux (64-bit)";"01/01/1970 00:00:00"
"TGN-INFRA-NETFLOW-ANALYSER";"Ubuntu Linux (64-bit)";"01/01/1970 00:00:00"
"TGN-INFRA-NTP";"Ubuntu Linux (64-bit)";"01/01/1970 00:00:00"
"TGN-INFRA-DEVICE42";"CentOS 4/5/6/7 (64-bit)";"06/11/2025 07:00:02"
"gal-dtg-siem01";"Red Hat Enterprise Linux 9 (64-bit)";"29/07/2025 08:25:24"
"gal-dtg-siem02";"Microsoft Windows Server 2022 (64-bit)";"29/07/2025 07:23:39"
"TGN-INFRA-BACKUP-VIPWORKS";"Red Hat Enterprise Linux 8 (64-bit)";"01/04/2022 12:28:40"
"TGN-INFRA-BSS-LOG";"Red Hat Enterprise Linux 8 (64-bit)";"11/03/2021 15:05:15"
"TGN-CUST-HOSTING-LB-02";"Ubuntu Linux (64-bit)";"01/01/1970 00:00:00"
"TGN-CUST-HOSTING-LB-01";"Ubuntu Linux (64-bit)";"01/01/1970 00:00:00"
"TGN-INFRA-PROXMOX-HOSTING-02";"Debian GNU/Linux 9 (64-bit)";"01/01/1970 00:00:00"
"TGN-SPEEDTEST";"Ubuntu Linux (64-bit)";"01/01/1970 00:00:00"
"TGN-INFRA-PROXMOX-HOSTING-03";"Debian GNU/Linux 9 (64-bit)";"01/01/1970 00:00:00"
"TGN-CUST-HOSTING-DB";"Ubuntu Linux (64-bit)";"01/01/1970 00:00:00"
"TGN-INFRA-PROXMOX-HOSTING-01";"Debian GNU/Linux 9 (64-bit)";"01/01/1970 00:00:00"
"TGN-INFRA-MONITORING-ENC";"Red Hat Enterprise Linux 7 (64-bit)";"23/04/2021 14:32:11"
"TGN-FW-NG-CUST-HOSTING-WEB-02";"Other (64-bit)";"27/11/2025 11:35:41"
"TGN-FW-CUST-HOSTING-WEB-01";"FreeBSD Pre-11 versions (64-bit)";"01/01/1970 00:00:00"
"TGN-FW-CUST-HOSTING-WEB-02";"FreeBSD Pre-11 versions (64-bit)";"01/01/1970 00:00:00"
"TGN-FW-NG-CUST-HOSTING-WEB-01";"Other (64-bit)";"27/11/2025 11:08:40"
"TGN-INFRA-VIRTUAL-ROUTER-ZOOM";"Other Linux (64-bit)";"01/01/1970 00:00:00"
"TGN-VIRTUAL-ROUTER-CHR-INFRA-TACACS";"Other 3.x or later Linux (64-bit)";"01/01/1970 00:00:00"
"TGN-INFRA-VIRTUAL-ROUTER-BTEST";"Other Linux (64-bit)";"01/01/1970 00:00:00"
"TGN-INFRA-VIRTUAL-ROUTER-TELIA-NAT";"Other (32-bit)";"01/03/2021 06:48:26"
"TGN-INFRA-VIRTUAL-ROUTER-CYBERTEQ";"Other Linux (64-bit)";"21/07/2022 06:22:08"
"TGN-VIRTUAL-ROUTER-RTR-BLACKHOLE";"Other Linux (64-bit)";"01/01/1970 00:00:00"
"TGN-INFRA-VIRTUAL-RTR-GAL-2";"Other (32-bit)";"17/10/2021 06:44:32"
"TGN-INFRA-VIRTUAL-ROUTER-RTR-GALA";"Other (32-bit)";"01/01/1970 00:00:00"
"TGN-INFRA-MIKROTIK-PARISTURF-GAL";"Other Linux (64-bit)";"01/01/1970 00:00:00"
"TGN-INFRA-MIKROTIK-TELMATV-GAL";"Other Linux (64-bit)";"04/10/2022 12:20:36"
"TGN-STORAGE-GLUSTERFS-GALA";"CentOS 7 (64-bit)";"01/01/1970 00:00:00"
"TGN-STORAGE-GLUSTERFS-GALA-02";"CentOS 7 (64-bit)";"01/01/1970 00:00:00"
"ZEUS-VIRTUAL-ROUTER-DMZ-1";"Other 3.x or later Linux (64-bit)";"07/01/2022 10:52:08"
"TGN-VIRTUAL-ROUTER-CHR-MAIL";"Other 3.x or later Linux (64-bit)";"01/01/1970 00:00:00"
"TGN-INFRA-DNS-CACHE-NEW2";"Ubuntu Linux (64-bit)";"04/12/2023 14:20:42"
"TGN-DNS-LB-DNSDIST-GAL-20";"Ubuntu Linux (64-bit)";"01/01/1970 00:00:00"
"TGN-INFRA-DNS-DIST-NEW1";"Ubuntu Linux (64-bit)";"04/12/2023 12:10:55"
"TGN-INFRA-DNS-CACHE-NEW1";"Ubuntu Linux (64-bit)";"04/12/2023 11:30:29"
"TGN-DNS-LB-DNDIST-GAL-10-2";"Ubuntu Linux (64-bit)";"26/08/2023 16:01:01"
"tgn-infra-dns-cp-OFF";"Ubuntu Linux (64-bit)";"01/10/2024 11:57:45"
"STX-INFRA-MGMT-NEW";"Microsoft Windows Server 2022 (64-bit)";"25/02/2025 05:14:26"
"TGN-INFRA-BASTION-GAL-1";"Ubuntu Linux (64-bit)";"08/11/2020 05:23:51"
"TGN-INFRA-BASTION-EMM-CLONE";"Microsoft Windows Server 2016 or later (64-bit)";"26/07/2022 06:49:43"
"GAL-DTG-DC01";"Microsoft Windows Server 2022 (64-bit)";"22/07/2025 19:53:00"
"TGN-INFRA-BASTION-EMM-NEW";"Microsoft Windows Server 2019 (64-bit)";"30/08/2021 16:27:00"
"TGN-INFRA-ELK-01";"Ubuntu Linux (64-bit)";"01/01/1970 00:00:00"
"TGN-INFRA-ELK-02";"Ubuntu Linux (64-bit)";"01/01/1970 00:00:00"
"TGN-SRV-METISS";"Microsoft Windows Server 2016 or later (64-bit)";"01/01/1970 00:00:00"
"TGN-RTR-MKT-METISS";"Other 3.x or later Linux (64-bit)";"01/01/1970 00:00:00"
"MV-UM-ENGINE-PROD-DR-01";"Red Hat Enterprise Linux 9 (64-bit)";"04/04/2025 07:41:41"
"MV-UM-CONNECTOR-PROD-DR-05";"Red Hat Enterprise Linux 9 (64-bit)";"04/04/2025 07:33:40"
"MV-OPS-OPS-SEC-PROD-DR-01";"Microsoft Windows Server 2022 (64-bit)";"07/04/2025 09:45:36"
"MV-UM-ENGINE-PROD-DR-09";"Red Hat Enterprise Linux 9 (64-bit)";"04/04/2025 07:40:34"
"MV-UM-MARKET-PROD-DR-03";"Red Hat Enterprise Linux 9 (64-bit)";"04/04/2025 07:37:30"
"MV-UM-MARKET-PROD-DR-04";"Red Hat Enterprise Linux 9 (64-bit)";"04/04/2025 07:39:39"
"MV-UM-ENGINE-PROD-DR-12";"Red Hat Enterprise Linux 9 (64-bit)";"04/04/2025 07:37:47"
"MV-UM-ENGINE-PROD-DR-06";"Red Hat Enterprise Linux 9 (64-bit)";"04/04/2025 07:32:21"
"MV-UM-ENGINE-PROD-DR-10";"Red Hat Enterprise Linux 9 (64-bit)";"04/04/2025 07:43:24"
"MV-UM-CONNECTOR-PROD-DR-06";"Red Hat Enterprise Linux 9 (64-bit)";"04/04/2025 07:34:44"
"MV-UM-ENGINE-PROD-DR-04";"Red Hat Enterprise Linux 9 (64-bit)";"04/04/2025 07:38:52"
"MV-UM-DB-OLTP-PROD-DR-02";"Red Hat Enterprise Linux 9 (64-bit)";"04/04/2025 07:34:51"
"MV-UM-DB-PGPOOL-PROD-DR-01";"Red Hat Enterprise Linux 9 (64-bit)";"04/04/2025 07:38:20"
"MV-UM-MARKET-PROD-DR-02";"Red Hat Enterprise Linux 9 (64-bit)";"04/04/2025 07:36:32"
"MV-UM-ENGINE-PROD-DR-05";"Red Hat Enterprise Linux 9 (64-bit)";"04/04/2025 07:36:19"
"MV-UM-CONNECTOR-PROD-DR-03";"Red Hat Enterprise Linux 9 (64-bit)";"04/04/2025 07:36:54"
"MV-UM-CONNECTOR-PROD-DR-02";"Red Hat Enterprise Linux 9 (64-bit)";"04/04/2025 07:39:36"
"MV-UM-ENGINE-PROD-DR-02";"Red Hat Enterprise Linux 9 (64-bit)";"04/04/2025 07:43:15"
"MV-UM-ENGINE-PROD-DR-08";"Red Hat Enterprise Linux 9 (64-bit)";"04/04/2025 07:42:01"
"MV-UM-CONNECTOR-PROD-DR-04";"Red Hat Enterprise Linux 9 (64-bit)";"04/04/2025 07:36:52"
"MV-UM-CONNECTOR-PROD-DR-07";"Red Hat Enterprise Linux 9 (64-bit)";"04/04/2025 07:34:20"
"MV-UM-ENGINE-PROD-DR-11";"Red Hat Enterprise Linux 9 (64-bit)";"04/04/2025 07:41:01"
"MV-UM-UTIL-PROD-DR-02";"Red Hat Enterprise Linux 9 (64-bit)";"04/04/2025 07:42:22"
"MV-UM-UTIL-PROD-DR-01";"Red Hat Enterprise Linux 9 (64-bit)";"04/04/2025 07:37:36"
"MV-UM-ENGINE-PROD-DR-03";"Red Hat Enterprise Linux 9 (64-bit)";"04/04/2025 07:34:49"
"MV-UM-ENGINE-PROD-DR-07";"Red Hat Enterprise Linux 9 (64-bit)";"04/04/2025 07:34:51"
"MV-UM-CONNECTOR-PROD-DR-08";"Red Hat Enterprise Linux 9 (64-bit)";"04/04/2025 07:33:02"
"MV-UM-MARKET-PROD-DR-01";"Red Hat Enterprise Linux 9 (64-bit)";"04/04/2025 07:37:34"
"MV-UM-DB-OLTP-PROD-DR-01";"Red Hat Enterprise Linux 9 (64-bit)";"04/04/2025 07:33:40"
"MV-UM-CONNECTOR-PROD-DR-01";"Red Hat Enterprise Linux 9 (64-bit)";"04/04/2025 07:36:03"
"MV-UM-DB-PGPOOL-PROD-DR-02";"Red Hat Enterprise Linux 9 (64-bit)";"04/04/2025 07:39:12"
"VMUSSD-MAM-04";"Red Hat Enterprise Linux 9 (64-bit)";"19/06/2023 14:44:20"
"VMUSSD-MAM-02";"Red Hat Enterprise Linux 9 (64-bit)";"19/06/2023 14:21:26"
"VMUSSD-MAM-06";"Red Hat Enterprise Linux 9 (64-bit)";"19/02/2025 12:58:36"
"VMUSSD-MAM-05";"Red Hat Enterprise Linux 9 (64-bit)";"19/02/2025 12:58:38"
"VMUSSD-DB-01";"Red Hat Enterprise Linux 9 (64-bit)";"19/06/2023 14:36:31"
"VMUSSD-MAM-03";"Red Hat Enterprise Linux 9 (64-bit)";"19/06/2023 14:26:25"
"VMUSSD-UMBS-01";"Red Hat Enterprise Linux 9 (64-bit)";"19/06/2023 14:38:39"
"VMUSSD-MAM-01";"Red Hat Enterprise Linux 9 (64-bit)";"19/06/2023 14:44:19"
"STX-DC-04";"Microsoft Windows Server 2022 (64-bit)";"19/06/2025 10:14:00"
"STX-NS-GAL";"Ubuntu Linux (64-bit)";"08/09/2025 11:05:51"
"STX-VAULT-03";"Ubuntu Linux (64-bit)";"25/08/2025 17:10:17"
"STX-DC-03";"Microsoft Windows Server 2022 (64-bit)";"19/06/2025 10:12:36"
"STX-WEB-TEST";"Ubuntu Linux (64-bit)";"21/09/2023 05:55:59"
"STX-TNR2-VPX-03";"Ubuntu Linux (64-bit)";"31/03/2026 10:15:24"
"STX-VBR-TNR2-01";"Microsoft Windows Server 2022 (64-bit)";"26/09/2025 17:29:38"
"STX-TNR2-VPX-02";"Ubuntu Linux (64-bit)";"19/02/2026 08:17:45"
"STX-TNR2-VPX-01";"Ubuntu Linux (64-bit)";"19/02/2026 08:17:45"
"STX-TNR2-PUREAPPLIANCE-01";"Ubuntu Linux (64-bit)";"07/06/2026 19:51:31"
"pure-vmware-appliance_VAAI";"Ubuntu Linux (64-bit)";"04/04/2023 09:12:37"
"pure-vmware-appliance_PURE1";"Ubuntu Linux (64-bit)";"05/04/2023 16:25:12"
"STX-INFRA-FTG-01";"Other 4.x Linux (64-bit)";"20/05/2025 07:01:47"
"SRV-STX-Log-Forwarder";"Red Hat Enterprise Linux 9 (64-bit)";"08/05/2025 06:05:32"
"STX-SYSLOG-02";"Ubuntu Linux (64-bit)";"05/11/2024 08:03:47"
"POWERDNS-DB-MYSQL";"Red Hat Enterprise Linux 9 (64-bit)";"29/07/2025 08:43:01"
"TGN-DNS-CACHE-GAL-10";"Ubuntu Linux (64-bit)";"01/01/1970 00:00:00"
"POWERDNS-AUTORATIVE";"Red Hat Enterprise Linux 9 (64-bit)";"29/07/2025 08:43:00"
"STX-INFRA-DNS-AUTH-01";"CentOS 8 (64-bit)";"15/04/2024 05:20:56"
"POWERDNS-DIST-GAL02";"Red Hat Enterprise Linux 9 (64-bit)";"29/07/2025 08:43:00"
"TGN-DNS-CACHE-GAL-20";"Ubuntu Linux (64-bit)";"01/01/1970 00:00:00"
"POWERDNS-DIST-GAL01";"Red Hat Enterprise Linux 9 (64-bit)";"29/07/2025 08:43:00"
"GA-VCENTER-8";"VMware Photon OS (64-bit)";"04/04/2023 03:20:00"
"STX-WALLIX-MSP-NOC-AM-DR-01";"Debian GNU/Linux 10 (64-bit)";"17/10/2025 10:34:17"
"STX-WALLIX-MSP-NOC-BASTION-DR-01";"Debian GNU/Linux 12 (64-bit)";"17/10/2025 10:32:08"
"STX-FTG-DR-01";"Other 4.x Linux (64-bit)";"08/05/2025 13:36:46"
"STX-LAB-EKS-ARGO";"Debian GNU/Linux 13 (64-bit)";"11/03/2026 08:25:27"
"STX-GITLAB-04";"Debian GNU/Linux 12 (64-bit)";"02/10/2024 09:06:03"
"STX-TNR2-IAC-01";"Ubuntu Linux (64-bit)";"09/09/2025 12:34:02"
"STX-TNR2-JUMP-01";"Microsoft Windows Server 2022 (64-bit)";"24/10/2025 10:45:22"
"STX-SECURITY-NESSUS";"Ubuntu Linux (64-bit)";"07/09/2023 10:07:43"
"STX-AXIAN-BEYONDTRUST-02";"Microsoft Windows Server 2022 (64-bit)";"19/03/2024 05:33:59"
"STX-AXIAN-BEYONDTRUST-01";"Microsoft Windows Server 2022 (64-bit)";"15/03/2024 14:05:36"
"STX-INFRA-BACKUP-TECHNOALARM";"Ubuntu Linux (64-bit)";"18/03/2024 12:31:25"
"STX-INFRA-CAM-CREDOID";"Microsoft Windows Server 2022 (64-bit)";"26/08/2024 09:58:44"
"STX-INFRA-MONITORING-02";"Ubuntu Linux (64-bit)";"02/06/2023 07:04:42"
"STX-FW-PCI-DSS-CAM";"FreeBSD Pre-11 versions (64-bit)";"16/07/2024 05:02:36"
"STX-INFRA-BKP-JUNIPER";"CoreOS Linux (64-bit)";"04/12/2024 05:46:54"
"STX-FW-FGT-PCI-DSS-CAM";"Other 4.x Linux (64-bit)";"05/12/2025 13:48:18"
"STX-INFRA-PAPERCUT-PRINTER";"Microsoft Windows Server 2022 (64-bit)";"29/05/2026 08:39:30"
"STX-SRV-TRACEROUTE";"Ubuntu Linux (64-bit)";"16/06/2025 08:22:19"
"STX-NEW-ALFRED-FW-LATEST";"STX-NEW-ALFRED-FW-LATEST";"29/05/2026 10:53:37"
"STX-NEW-INFRA-RADIUS-GAL";"Ubuntu Linux (64-bit)";"17/03/2026 06:08:54"
"TGN-INFRA-FW-PFSENSE";"Other (64-bit)";"17/12/2025 08:17:36"
"STX-NEW-ALFRED-FW";"FreeBSD 11 (64-bit)";"23/03/2025 18:58:34"
"STX-ALFRED-TEST";"Ubuntu Linux (64-bit)";"23/03/2025 20:13:25"
"CUST-VM-SAMIFINUBUNTU";"Ubuntu Linux (64-bit)";"19/01/2025 14:11:23"
"CUST-VM-AQUARELLE";"Microsoft Windows Server 2022 (64-bit)";"05/09/2025 12:26:46"
"CUST-AQUARELLE-FTG-01";"Other 4.x Linux (64-bit)";"24/09/2025 05:45:38"
"CUST-VM-AQUARELLE-WIN-CHG0010084";"Microsoft Windows Server 2022 (64-bit)";"21/11/2025 07:29:20"
"CUST-VM-INJET-ODOO-01";"Ubuntu Linux (64-bit)";"04/08/2025 08:28:45"
"CUST-VM-MABEL-01";"Ubuntu Linux (64-bit)";"05/08/2025 09:02:13"
"CUST-VM-CAPRICORNE3-ACT-20201208-01332";"Other 4.x Linux (64-bit)";"19/12/2020 04:45:06"
"CUST-VM-CAPRICORNE-ACT-20200709-165094";"Other 4.x Linux (64-bit)";"01/01/1970 00:00:00"
"CUST-VM-CAPRICORNE5-ACT-20201208-01332";"Other 4.x Linux (64-bit)";"20/05/2021 13:33:50"
"CUST-VM-CAPRICORNE6-ACT-20210617-01072";"Microsoft Windows Server 2016 or later (64-bit)";"21/06/2021 10:24:34"
"CUST-VM-CAPRICORNE4-ACT-20201208-01332";"Other 4.x Linux (64-bit)";"19/12/2020 04:45:06"
"CUST-VM-CAPRICORNE1-ACT-20200709-165107";"Other 4.x Linux (64-bit)";"01/01/1970 00:00:00"
"CUST-VM-MADASAVA-1";"AlmaLinux (64-bit)";"18/09/2025 06:11:33"
"CUST-VM-MADASAVA-2";"AlmaLinux (64-bit)";"18/09/2025 06:16:08"
"CUST-VM-MADASAVA-02";"AlmaLinux (64-bit)";"12/02/2026 08:11:36"
"STX-FKLORADB1";"Microsoft Windows Server 2022 (64-bit)";"11/07/2023 10:03:55"
"CUST-VM-TALYS-UBUNTU";"Ubuntu Linux (64-bit)";"05/09/2023 17:41:45"
"CUST-VM-Talys-1-Clone-off";"Red Hat Fedora (64-bit)";"01/09/2023 13:15:52"
"CUST-VM-Talys-2";"Red Hat Fedora (64-bit)";"26/05/2023 12:35:43"
"CUST-VM-Talys-1";"Red Hat Fedora (64-bit)";"26/05/2023 11:52:53"
"CUST-VM-DSRV-01";"Ubuntu Linux (64-bit)";"04/03/2026 08:05:20"
"CUST-VM-DSRV-02";"Ubuntu Linux (64-bit)";"04/03/2026 10:35:57"
"CUST-PARITURF-PROMOX-BACKUP-SERVER";"Debian GNU/Linux 11 (64-bit)";"05/06/2023 08:08:52"
"STX-TRS-GAL-WSO2";"Ubuntu Linux (64-bit)";"30/10/2024 12:16:43"
"YAS-NKV-FUL-KLAOD";"Ubuntu Linux (64-bit)";"25/07/2023 07:43:09"
"STX-NKV-MUL-GAL";"Ubuntu Linux (64-bit)";"06/06/2023 10:52:42"
"STX-TRS-CUST";"Ubuntu Linux (64-bit)";"26/11/2024 11:38:28"
"STX-NKV-TRS-REPLICA-01";"Ubuntu Linux (64-bit)";"26/09/2025 08:26:44"
"STX-NKV-TRS-GAL-INFRA";"Ubuntu Linux (64-bit)";"05/06/2023 06:01:18"
"STX-NKV-TRS-ALFRED";"Ubuntu Linux (64-bit)";"01/12/2023 08:11:35"
"TELCO-MONEY-LMS-FTG-02";"Other 4.x Linux (64-bit)";"10/09/2025 06:38:45"
"TGN-INFRA-REPORTING-TEST-recovered";"Ubuntu Linux (64-bit)";"07/10/2024 06:08:58"
"$TMP-NKV-MUL";"Ubuntu Linux (64-bit)";"05/07/2023 11:55:22"
"TELCO-MONEY-LMS-FTG-03";"Other 4.x Linux (64-bit)";"10/09/2025 06:40:58"
"STX-INFRA-WIKI";"Ubuntu Linux (64-bit)";"19/01/2023 11:44:21"
"TGN-PLEX-SRV";"Ubuntu Linux (64-bit)";"01/01/1970 00:00:00"
